[{"CustomerId":"C5001","CustomerName":"Luna","ContactNumber":8876543210,"Address":"Bangalore","VehicleId":"H205","DateOfPurchase":"03-Apr-2020"},{"CustomerId":"C5002","CustomerName":"Mia","ContactNumber":7766543218,"Address":"Gujarat","VehicleId":"TY05","DateOfPurchase":"08-Apr-2020"},{"CustomerId":"C5003","CustomerName":"Alen","ContactNumber":8876543333,"Address":"Assam","VehicleId":"H201","DateOfPurchase":"21-Apr-2020"},{"CustomerId":"C5004","CustomerName":"Sofia","ContactNumber":9876543299,"Address":"Goa","VehicleId":"T102","DateOfPurchase":"19-May-2020"},{"CustomerId":"C5005","CustomerName":"Victor","ContactNumber":8976543500,"Address":"Delhi","VehicleId":"MS03","DateOfPurchase":"21-May-2020"},{"CustomerId":"C5006","CustomerName":"Rohan","ContactNumber":9976543811,"Address":"Gujarat","VehicleId":"H501","DateOfPurchase":"11-Jun-2020"},{"CustomerId":"C5007","ContactNumber":8876643255,"Address":"Delhi","CustomerName":"Emily","VehicleId":"MS05","DateOfPurchase":"16-Jun-2020"},{"CustomerId":"C5008","CustomerName":"Ella","ContactNumber":9876543588,"Address":"Gujarat","VehicleId":"H205","DateOfPurchase":"20-Jun-2020"}]