[{"CustomerId":"C1001","CustomerName":"Sam","ContactNumber":9876543210,"Address":"Bangalore","VehicleId":"T101","DateOfPurchase":"01-Apr-2020"},{"CustomerId":"C1002","CustomerName":"Alex","ContactNumber":9866543212,"Address":"Mysore","VehicleId":"T103","DateOfPurchase":"07-Apr-2020"},{"CustomerId":"C1003","CustomerName":"Tom","ContactNumber":8876543310,"Address":"Chennai","VehicleId":"H201","DateOfPurchase":"17-Apr-2020"},{"CustomerId":"C1004","CustomerName":"Kim","ContactNumber":7876543233,"Address":"Bangalore","VehicleId":"TY01","DateOfPurchase":"09-May-2020"},{"CustomerId":"C1005","CustomerName":"Mercy","ContactNumber":8976543567,"Address":"Delhi","VehicleId":"MS03","DateOfPurchase":"21-May-2020"},{"CustomerId":"C1006","CustomerName":"Riya","ContactNumber":7976543867,"Address":"Delhi","VehicleId":"TY02","DateOfPurchase":"01-Jun-2020"},{"CustomerId":"C1007","CustomerName":"Raju","ContactNumber":7676643210,"Address":"Chennai","VehicleId":"MS05","DateOfPurchase":"06-Jun-2020"},{"CustomerId":"C1008","CustomerName":"Snehal","ContactNumber":9976543521,"Address":"Mysore","VehicleId":"H205","DateOfPurchase":"09-Jun-2020"}]