[{"VehicleId":"T101","VehicleName":"Tata Nexon","VehicleType":"Compact SUV","Price":900000.0,"QuantityAvailable":10},{"VehicleId":"T102","VehicleName":"Tata Hexa","VehicleType":"SUV","Price":1250000.0,"QuantityAvailable":5},{"VehicleId":"T103","VehicleName":"Tata Harrier","VehicleType":"SUV","Price":1500000.0,"QuantityAvailable":12},{"VehicleId":"T104","VehicleName":"Tata Tiago","VehicleType":"Hatchback","Price":550000.0,"QuantityAvailable":20},{"VehicleId":"T105","VehicleName":"Tata Tigor","VehicleType":"Sedan","Price":850000.0,"QuantityAvailable":15},{"VehicleId":"H201","VehicleName":"Hyundai Grand i10","VehicleType":"Hatchback","Price":600000.0,"QuantityAvailable":25},{"VehicleId":"H202","VehicleName":"Hyundai Creta","VehicleType":"SUV","Price":1500000.0,"QuantityAvailable":10},{"VehicleId":"H203","VehicleName":"Hyundai Verna","VehicleType":"Compact SUV","Price":1000000.0,"QuantityAvailable":15},{"VehicleId":"H204","VehicleName":"Hyundai i20","VehicleType":"Hatchback","Price":750000.0,"QuantityAvailable":20},{"VehicleId":"H205","VehicleName":"Hyundai Aura","VehicleType":"Sedan","Price":950000.0,"QuantityAvailable":5},{"VehicleId":"MS01","VehicleName":"Baleno","VehicleType":"Compact SUV","Price":650000.0,"QuantityAvailable":30},{"VehicleId":"MS02","VehicleName":"Celerio","VehicleType":"Hatchback","Price":500000.0,"QuantityAvailable":25},{"VehicleId":"MS03","VehicleName":"Brezza","VehicleType":"Compact SUV","Price":800000.0,"QuantityAvailable":10},{"VehicleId":"MS04","VehicleName":"Ciaz","VehicleType":"Sedan","Price":950000.0,"QuantityAvailable":18},{"VehicleId":"MS05","VehicleName":"Ertiga","VehicleType":"SUV","Price":1175000.0,"QuantityAvailable":2},{"VehicleId":"TY01","VehicleName":"Typta Innova","VehicleType":"SUV","Price":1270000.0,"QuantityAvailable":4},{"VehicleId":"TY02","VehicleName":"Innova Crysta","VehicleType":"SUV","Price":2000000.0,"QuantityAvailable":3},{"VehicleId":"TY03","VehicleName":"Tyota Yaris","VehicleType":"Sedan","Price":850000.0,"QuantityAvailable":10},{"VehicleId":"TY04","VehicleName":"Tyota Corolla","VehicleType":"Sedan","Price":900000.0,"QuantityAvailable":6},{"VehicleId":"TY05","VehicleName":"Toyota Prius","VehicleType":"Electric","Price":4500000.0,"QuantityAvailable":1},{"VehicleId":"H501","VehicleName":"Honda Jazz","VehicleType":"Hatchback","Price":560000.0,"QuantityAvailable":10},{"VehicleId":"H502","VehicleName":"Honda Amaze","VehicleType":"Sedan","Price":900000.0,"QuantityAvailable":30},{"VehicleId":"H503","VehicleName":"Honda City","VehicleType":"Sedan","Price":1200000.0,"QuantityAvailable":8},{"VehicleId":"H504","VehicleName":"Honda Brio","VehicleType":"Hatchback","Price":450000.0,"QuantityAvailable":3},{"VehicleId":"H505","VehicleName":"Honda Mobilio","VehicleType":"SUV","Price":1000000.0,"QuantityAvailable":3}]